DateKey,ProjectID,TaskID,ResourceID,CategoryID,BudgetedCost,CommittedCost,ActualCost
20260105,P001,T003,R002,C001,183361.23,167614.08,197690.53
20260112,P001,T003,R001,C001,184504.69,169480.53,176368.26
20260112,P001,T004,R007,C002,25165.81,23483.78,26908.95
20260119,P001,T002,R003,C003,36126.42,35609.11,34098.87
20260119,P001,T003,R004,C003,116764.97,114401.42,133609.23
20260126,P001,T003,R002,C001,132756.86,129939.69,156327.41
20260126,P001,T004,R002,C001,119946.23,110919.59,119502.31
20260202,P001,T001,R002,C001,171737.03,169324.79,202248.25
20260202,P001,T002,R008,C001,29096.4,26595.26,28275.28
20260202,P001,T003,R005,C002,147661.42,154891.57,171206.69
20260202,P001,T004,R001,C001,207832.96,198131.24,226062.54
20260209,P001,T002,R007,C002,95144.69,98066.9,86334.07
20260209,P001,T003,R007,C002,192116.82,180928.54,196189.85
20260209,P001,T004,R003,C003,32011.86,29537.18,35337.75
20260223,P001,T001,R006,C002,210385.07,211137.0,222012.44
20260223,P001,T003,R007,C002,96604.27,92654.89,100827.59
20260223,P001,T004,R008,C001,48272.15,45907.2,43342.39
20260302,P001,T004,R007,C002,45452.85,42627.44,45367.06
20260309,P001,T001,R008,C001,113481.0,107441.3,105423.84
20260309,P001,T003,R001,C001,57069.08,59511.82,57240.05
20260309,P001,T004,R005,C002,215592.75,221952.47,240753.91
20260316,P001,T002,R006,C002,145470.59,144304.53,167008.35
20260323,P001,T001,R004,C003,121115.94,115463.99,107775.41
20260323,P001,T003,R006,C002,106681.67,111007.95,129717.76
20260330,P001,T004,R001,C001,113292.05,113059.43,130498.72
20260406,P001,T001,R004,C003,112996.71,104722.89,129754.81
20260406,P001,T002,R007,C002,109947.91,111212.63,99928.64
20260406,P001,T004,R008,C001,180332.91,166253.62,209368.95
20260420,P001,T001,R002,C001,122949.11,127872.45,126329.62
20260427,P001,T002,R005,C002,126592.32,129773.49,114022.66
20260427,P001,T003,R007,C002,184563.63,190418.97,170621.6
20260427,P001,T004,R003,C003,139753.7,142046.48,130101.31
20260504,P001,T003,R008,C001,175775.86,160996.0,188168.18
20260504,P001,T004,R008,C001,130154.52,131976.55,154915.89
20260511,P001,T003,R008,C001,119172.01,121687.05,125444.7
20260511,P001,T004,R005,C002,204170.76,211094.85,193733.57
20260518,P001,T003,R007,C002,29989.76,30002.38,34384.41
20260518,P001,T004,R006,C002,44310.69,45747.46,53570.08
20260525,P001,T003,R004,C003,48100.54,46403.95,50760.77
20260601,P001,T001,R001,C001,84285.84,81656.17,94321.88
20260601,P001,T003,R002,C001,216942.07,220902.23,262581.61
20260608,P001,T001,R005,C002,169934.19,173837.0,198629.25
20260615,P001,T004,R003,C003,102189.99,93080.99,122529.77
20260622,P001,T002,R002,C001,69212.45,63554.45,61178.67
20260622,P001,T003,R003,C003,23857.17,24010.58,28603.86
20260629,P001,T001,R005,C002,123872.6,115310.62,127778.74
20260629,P001,T002,R005,C002,22574.62,20379.58,23746.75
20260706,P001,T001,R007,C002,149584.44,146874.86,176833.76
20260713,P001,T001,R003,C003,97963.03,93273.82,88019.01
20260713,P001,T002,R005,C002,103301.85,93830.12,114270.17
20260713,P001,T003,R004,C003,157000.53,142365.82,148054.59
20260720,P001,T002,R006,C002,65111.53,68031.78,64150.89
20260810,P001,T004,R003,C003,149796.45,150904.8,176593.66
20260817,P001,T001,R003,C003,73256.2,72729.2,68070.81
20260817,P001,T004,R003,C003,201526.97,204132.73,216295.48
20260824,P001,T001,R004,C003,32443.8,29403.14,35578.54
20260907,P001,T002,R002,C001,150156.4,136628.44,169753.02
20260907,P001,T004,R004,C003,62300.91,62144.52,64575.87
20260914,P001,T001,R005,C002,172228.87,170945.09,189200.2
20260914,P001,T003,R005,C002,142335.9,130951.33,148601.96
20260921,P001,T003,R005,C002,110255.88,106942.79,101467.49
20260921,P001,T004,R008,C001,18588.41,18009.3,21539.6
20260210,P002,T006,R005,C002,114052.32,114090.12,105009.39
20260217,P002,T006,R004,C003,107862.15,102460.97,122762.69
20260303,P002,T005,R006,C002,64020.95,60099.9,68737.38
20260331,P002,T005,R003,C003,155784.4,152572.73,178950.48
20260331,P002,T006,R007,C002,96950.21,93739.1,116761.09
20260414,P002,T005,R008,C001,213497.66,207834.35,193186.96
20260428,P002,T005,R004,C003,46647.57,45637.88,51867.69
20260428,P002,T006,R008,C001,32425.69,32961.66,28549.67
20260505,P002,T006,R003,C003,143426.91,140449.08,147547.05
20260512,P002,T006,R004,C003,94556.8,88272.31,102533.68
20260519,P002,T006,R004,C003,112437.37,105153.14,108389.61
20260602,P002,T006,R007,C002,31623.87,29542.26,32391.37
20260609,P002,T005,R007,C002,89275.58,85655.79,78767.5
20260623,P002,T005,R004,C003,62315.81,58154.14,70950.29
20260707,P002,T006,R003,C003,203994.33,185258.22,181153.85
20260714,P002,T005,R003,C003,95630.95,98951.75,112884.54
20260714,P002,T006,R006,C002,54090.12,53974.92,57250.67
20260721,P002,T005,R006,C002,216921.49,209625.39,198926.9
20260728,P002,T005,R004,C003,92926.59,94349.28,91528.76
20260728,P002,T006,R004,C003,91406.45,94873.13,86436.58
20260811,P002,T005,R007,C002,23333.14,21121.82,21029.63
20260811,P002,T006,R006,C002,89409.73,84961.21,107674.28
20260818,P002,T005,R005,C002,75968.2,76593.86,82235.06
20260825,P002,T005,R002,C001,112413.76,117305.63,135383.22
20260901,P002,T006,R003,C003,16784.56,17450.21,16501.35
20260908,P002,T006,R008,C001,89180.98,90727.14,80875.11
20260922,P002,T006,R006,C002,47941.94,46215.22,43904.04
20260415,P004,T009,R006,C002,98843.95,94472.22,107853.05
20260429,P004,T009,R003,C003,146032.3,133425.75,136635.76
20260506,P004,T010,R005,C002,167794.2,173256.61,171282.17
20260513,P004,T009,R004,C003,95099.88,91366.83,114146.08
20260520,P004,T010,R006,C002,109485.78,101206.65,96899.7
20260527,P004,T009,R002,C001,132437.22,137613.41,149742.08
20260610,P004,T010,R004,C003,76831.13,78797.53,68747.66
20260617,P004,T009,R007,C002,32690.36,32914.18,36416.85
20260617,P004,T010,R007,C002,141019.47,131065.88,146773.74
20260624,P004,T009,R003,C003,93633.16,85998.17,90262.37
20260701,P004,T009,R001,C001,151918.77,144114.77,153824.5
20260701,P004,T010,R007,C002,78183.38,73288.23,79147.55
20260715,P004,T009,R008,C001,63226.44,64145.42,72406.38
20260812,P004,T010,R002,C001,204035.83,193233.94,229526.8
20260819,P004,T009,R003,C003,20300.58,18472.66,22103.31
20260826,P004,T009,R005,C002,211111.05,219007.91,197629.06
20260902,P004,T010,R003,C003,81387.0,80738.33,96665.06
20260909,P004,T009,R008,C001,57706.29,54211.03,60709.46
20260916,P004,T010,R006,C002,198559.69,183729.53,227719.29
20260923,P004,T009,R006,C002,213061.76,206234.36,225268.89
