DateKey,ProjectID,TaskID,ResourceID,PlannedHours,ActualHours
20260105,P001,T003,R002,147.4,123.2
20260112,P001,T003,R001,107.8,121.7
20260112,P001,T004,R007,38.6,35.4
20260119,P001,T002,R003,33.6,34.8
20260119,P001,T003,R004,85.2,95.4
20260126,P001,T003,R002,122.1,105.6
20260126,P001,T004,R002,150.7,138.4
20260202,P001,T001,R002,63.9,65.7
20260202,P001,T002,R008,117.6,91.3
20260202,P001,T003,R005,59.8,54.1
20260202,P001,T004,R001,89.1,74.6
20260209,P001,T002,R007,82.9,80.4
20260209,P001,T003,R007,70.2,77.5
20260209,P001,T004,R003,21.7,23.5
20260223,P001,T001,R006,106.5,108.7
20260223,P001,T003,R007,76.1,62.9
20260223,P001,T004,R008,20.0,16.2
20260302,P001,T004,R007,71.0,56.7
20260309,P001,T001,R008,125.0,130.8
20260309,P001,T003,R001,116.6,130.1
20260309,P001,T004,R005,56.6,50.8
20260316,P001,T002,R006,126.2,104.5
20260323,P001,T001,R004,23.9,20.6
20260323,P001,T003,R006,153.7,137.7
20260330,P001,T004,R001,31.9,32.4
20260406,P001,T001,R004,66.6,71.3
20260406,P001,T002,R007,42.2,48.4
20260406,P001,T004,R008,157.2,159.2
20260420,P001,T001,R002,142.0,153.4
20260427,P001,T002,R005,123.6,137.1
20260427,P001,T003,R007,41.3,39.4
20260427,P001,T004,R003,39.8,39.7
20260504,P001,T003,R008,54.8,47.2
20260504,P001,T004,R008,82.1,81.7
20260511,P001,T003,R008,54.7,52.5
20260511,P001,T004,R005,82.7,75.8
20260518,P001,T003,R007,145.6,118.2
20260518,P001,T004,R006,50.7,57.3
20260525,P001,T003,R004,67.5,55.9
20260601,P001,T001,R001,73.8,70.6
20260601,P001,T003,R002,34.7,29.7
20260608,P001,T001,R005,114.6,129.3
20260615,P001,T004,R003,108.8,116.5
20260622,P001,T002,R002,159.2,146.0
20260622,P001,T003,R003,155.7,133.1
20260629,P001,T001,R005,114.1,97.9
20260629,P001,T002,R005,156.9,149.9
20260706,P001,T001,R007,155.8,136.0
20260713,P001,T001,R003,38.2,29.7
20260713,P001,T002,R005,73.3,69.8
20260713,P001,T003,R004,57.7,43.4
20260720,P001,T002,R006,69.9,52.5
20260810,P001,T004,R003,74.5,65.6
20260817,P001,T001,R003,135.5,140.4
20260817,P001,T004,R003,133.8,101.2
20260824,P001,T001,R004,154.3,139.0
20260907,P001,T002,R002,55.3,43.1
20260907,P001,T004,R004,138.4,108.0
20260914,P001,T001,R005,30.8,24.9
20260914,P001,T003,R005,88.0,100.2
20260921,P001,T003,R005,145.1,120.4
20260921,P001,T004,R008,155.5,144.6
20260210,P002,T006,R005,110.0,85.8
20260217,P002,T006,R004,79.8,77.3
20260303,P002,T005,R006,144.2,151.4
20260331,P002,T005,R003,138.8,109.2
20260331,P002,T006,R007,138.8,152.6
20260414,P002,T005,R008,150.2,168.4
20260428,P002,T005,R004,151.8,157.7
20260428,P002,T006,R008,37.6,36.8
20260505,P002,T006,R003,126.9,100.2
20260512,P002,T006,R004,21.5,18.7
20260519,P002,T006,R004,154.5,159.4
20260602,P002,T006,R007,71.8,68.0
20260609,P002,T005,R007,60.9,66.3
20260623,P002,T005,R004,61.3,69.3
20260707,P002,T006,R003,103.5,94.8
20260714,P002,T005,R003,122.6,140.9
20260714,P002,T006,R006,85.5,74.8
20260721,P002,T005,R006,31.0,24.3
20260728,P002,T005,R004,132.6,104.1
20260728,P002,T006,R004,71.0,78.7
20260811,P002,T005,R007,148.8,126.9
20260811,P002,T006,R006,26.1,27.4
20260818,P002,T005,R005,132.8,149.9
20260825,P002,T005,R002,74.1,63.0
20260901,P002,T006,R003,116.9,94.8
20260908,P002,T006,R008,47.6,50.0
20260922,P002,T006,R006,30.1,30.1
20260415,P004,T009,R006,30.9,23.6
20260429,P004,T009,R003,117.4,107.3
20260506,P004,T010,R005,22.5,23.8
20260513,P004,T009,R004,80.8,65.7
20260520,P004,T010,R006,97.2,97.8
20260527,P004,T009,R002,44.0,39.1
20260610,P004,T010,R004,147.8,129.4
20260617,P004,T009,R007,144.8,145.7
20260617,P004,T010,R007,99.2,76.1
20260624,P004,T009,R003,121.5,134.7
20260701,P004,T009,R001,83.8,91.3
20260701,P004,T010,R007,71.4,67.9
20260715,P004,T009,R008,84.2,69.2
20260812,P004,T010,R002,31.2,32.8
20260819,P004,T009,R003,117.0,92.9
20260826,P004,T009,R005,130.4,146.3
20260902,P004,T010,R003,83.9,71.5
20260909,P004,T009,R008,64.7,49.5
20260916,P004,T010,R006,36.1,34.7
20260923,P004,T009,R006,116.4,129.0
