DateKey,ProjectID,TaskID,PlannedPercentComplete,ActualPercentComplete
20260105,P001,T001,5.3,3.4
20260204,P001,T001,14.1,12.1
20260306,P001,T001,21.0,18.7
20260405,P001,T001,27.6,29.4
20260505,P001,T001,32.3,33.4
20260604,P001,T001,38.8,40.2
20260704,P001,T001,46.3,44.5
20260803,P001,T001,54.8,54.2
20260902,P001,T001,58.9,56.0
20260105,P001,T002,6.5,5.7
20260204,P001,T002,12.0,9.7
20260306,P001,T002,17.7,16.3
20260405,P001,T002,25.9,22.9
20260505,P001,T002,33.6,34.8
20260604,P001,T002,38.2,39.9
20260704,P001,T002,45.8,47.3
20260803,P001,T002,51.3,50.1
20260902,P001,T002,57.2,59.2
20260105,P001,T003,6.9,5.7
20260204,P001,T003,13.1,11.5
20260306,P001,T003,17.3,14.8
20260405,P001,T003,25.5,23.9
20260505,P001,T003,34.2,32.4
20260604,P001,T003,39.5,39.1
20260704,P001,T003,44.5,43.3
20260803,P001,T003,53.2,54.7
20260902,P001,T003,61.3,61.5
20260105,P001,T004,8.6,10.3
20260204,P001,T004,15.3,15.9
20260306,P001,T004,19.6,20.2
20260405,P001,T004,25.8,26.6
20260505,P001,T004,33.0,31.5
20260604,P001,T004,37.3,38.9
20260704,P001,T004,41.9,41.3
20260803,P001,T004,47.6,46.1
20260902,P001,T004,55.3,57.2
20260210,P002,T005,5.0,4.1
20260312,P002,T005,14.0,15.8
20260411,P002,T005,18.8,16.5
20260511,P002,T005,25.2,26.6
20260610,P002,T005,30.3,30.0
20260710,P002,T005,38.2,39.0
20260809,P002,T005,46.1,44.6
20260908,P002,T005,51.5,49.8
20260210,P002,T006,5.3,3.6
20260312,P002,T006,11.5,9.4
20260411,P002,T006,16.6,15.1
20260511,P002,T006,25.2,23.1
20260610,P002,T006,29.5,27.8
20260710,P002,T006,34.7,34.4
20260809,P002,T006,42.0,39.5
20260908,P002,T006,48.3,45.5
20260301,P003,T007,4.0,5.4
20260331,P003,T007,9.2,8.4
20260430,P003,T007,15.0,16.4
20260530,P003,T007,20.2,17.5
20260629,P003,T007,27.2,28.4
20260729,P003,T007,32.2,29.6
20260828,P003,T007,38.7,36.6
20260301,P003,T008,7.0,7.9
20260331,P003,T008,14.3,11.4
20260430,P003,T008,21.5,22.1
20260530,P003,T008,27.3,24.5
20260629,P003,T008,33.0,30.2
20260729,P003,T008,42.0,39.2
20260828,P003,T008,49.6,51.2
20260415,P004,T009,6.7,8.0
20260515,P004,T009,14.4,13.2
20260614,P004,T009,20.2,19.1
20260714,P004,T009,25.0,23.6
20260813,P004,T009,29.4,27.5
20260912,P004,T009,36.5,38.3
20260415,P004,T010,5.5,5.1
20260515,P004,T010,11.0,12.9
20260614,P004,T010,19.4,21.0
20260714,P004,T010,27.9,28.5
20260813,P004,T010,35.6,33.7
20260912,P004,T010,41.1,41.2
