ProjectID,ProjectType,Region,WeekNo,PctComplete,OriginalBudget,ActualCostToDate,CPI,SPI,PctFloatConsumed,ChangeOrderRatePct,WeatherDelayDays,ProcurementLeadVarianceDays,ClashCount,LabourHoursPlanned,LabourHoursActual,OverrunPct,OverrunFlag,DelayFlag,Predicted_OverrunPct_GBR,Predicted_OverrunProbability,Predicted_DelayProbability
PRJ-001,Infrastructure,West,1,2.9,6923388,191793.0,1.062,0.983,2.7,18.3,3,2.8,6,1882,1865.0,-5.81,0,0,-5.771572644867685,0.027537567351421124,0.23433645068309247
PRJ-001,Infrastructure,West,2,5.9,6923388,365768.0,1.113,1.039,2.4,18.3,3,2.8,6,2390,2296.0,-10.19,0,0,-10.272676507987782,0.014891462357759863,0.23921917989417987
PRJ-001,Infrastructure,West,3,8.8,6923388,542784.0,1.125,1.044,8.3,18.3,3,2.8,6,1640,1522.0,-11.15,0,0,-11.063142166729886,0.014181960142710183,0.23588584656084655
PRJ-001,Infrastructure,West,4,11.8,6923388,737854.0,1.104,1.011,14.9,18.3,3,2.8,6,2278,2382.0,-9.41,0,0,-9.301303797604119,0.019928148100595726,0.2739092020058438
PRJ-001,Infrastructure,West,5,14.7,6923388,907688.0,1.122,1.016,11.6,18.3,3,2.8,6,2385,2197.0,-10.85,0,0,-10.85237195482067,0.014982537165471122,0.23917288359788358
PRJ-001,Infrastructure,West,6,17.6,6923388,1070695.0,1.141,1.109,14.6,18.3,3,2.8,6,2300,2159.0,-12.37,0,0,-12.18490359991923,0.011669987047697254,0.26783955026455025
PRJ-001,Infrastructure,West,7,20.6,6923388,1282608.0,1.111,1.02,19.0,18.3,3,2.8,6,1519,1509.0,-10.02,0,0,-9.714312483820725,0.018115252715490127,0.2739092020058438
PRJ-001,Infrastructure,West,8,23.5,6923388,1412507.0,1.153,1.036,21.9,18.3,3,2.8,6,987,897.0,-13.29,0,0,-13.452469930022056,0.011790363349612113,0.26783955026455025
PRJ-001,Infrastructure,West,9,26.5,6923388,1657140.0,1.106,1.038,26.4,18.3,3,2.8,6,2498,2466.0,-9.58,0,0,-9.644645874910857,0.020327495332249108,0.2739092020058438
PRJ-001,Infrastructure,West,10,29.4,6923388,1788035.0,1.139,1.025,29.4,18.3,3,2.8,6,1851,1837.0,-12.19,0,0,-12.179402175032196,0.014932430779197583,0.2720819745069745
PRJ-001,Infrastructure,West,11,32.4,6923388,1987778.0,1.127,1.003,31.9,18.3,3,2.8,6,1206,1276.0,-11.26,0,0,-11.21316118923817,0.017515396923958537,0.2720819745069745
PRJ-001,Infrastructure,West,12,35.3,6923388,2157789.0,1.132,0.968,38.2,18.3,3,2.8,6,2370,2326.0,-11.69,0,0,-11.556032135199292,0.018689245390562,0.2757393819143819
PRJ-001,Infrastructure,West,13,38.2,6923388,2426378.0,1.091,1.043,37.7,18.3,3,2.8,6,2041,1878.0,-8.34,0,0,-8.353004649203823,0.025896856351702587,0.28847570032234204
PRJ-001,Infrastructure,West,14,41.2,6923388,2674795.0,1.066,1.007,38.9,18.3,3,2.8,6,2398,2374.0,-6.17,0,0,-6.0612035052970565,0.034221478938475686,0.28180903365567544
PRJ-001,Infrastructure,West,15,44.1,6923388,2732535.0,1.118,1.064,42.1,18.3,3,2.8,6,1284,1173.0,-10.54,0,0,-10.607808127334847,0.019629351854596973,0.2724060485810486
PRJ-001,Infrastructure,West,16,47.1,6923388,3126851.0,1.042,0.984,49.3,18.3,3,2.8,6,1983,2175.0,-4.03,0,0,-3.6587913946280572,0.050767983689229135,0.2991319880993027
PRJ-001,Infrastructure,West,17,50.0,6923388,3120403.0,1.109,1.015,51.0,18.3,3,2.8,6,2397,2471.0,-9.86,0,0,-9.704123908584055,0.024937735747266748,0.2727894258125382
PRJ-001,Infrastructure,West,18,52.9,6923388,3355381.0,1.092,0.989,54.5,18.3,3,2.8,6,2154,2095.0,-8.46,0,0,-8.359912745095961,0.031460075383316265,0.2794560924792049
PRJ-001,Infrastructure,West,19,55.9,6923388,3617321.0,1.07,1.024,54.1,18.3,3,2.8,6,2208,2112.0,-6.5,0,0,-6.594643249113915,0.03690968909605242,0.2794560924792049
PRJ-001,Infrastructure,West,20,58.8,6923388,3937532.0,1.034,1.01,58.9,18.3,3,2.8,6,2182,2175.0,-3.32,0,0,-3.4022784280998186,0.05703935995366234,0.29780950346392693
PRJ-001,Infrastructure,West,21,61.8,6923388,4117413.0,1.039,1.058,58.6,18.3,3,2.8,6,2057,1992.0,-3.71,0,0,-3.6587913946280572,0.05038468731027278,0.29566793581172096
PRJ-001,Infrastructure,West,22,64.7,6923388,4191013.0,1.069,1.004,60.5,18.3,3,2.8,6,2056,1980.0,-6.45,0,0,-6.57121196896156,0.03896672884107261,0.28501164803476037
PRJ-001,Infrastructure,West,23,67.6,6923388,4387939.0,1.067,0.97,67.5,18.3,3,2.8,6,2209,2193.0,-6.31,0,0,-6.57121196896156,0.045128522421645986,0.2829878385109509
PRJ-001,Infrastructure,West,24,70.6,6923388,4511247.0,1.083,0.992,71.7,18.3,3,2.8,6,1654,1707.0,-7.69,0,0,-7.640409516601949,0.03946318960857494,0.2796545051776176
PRJ-001,Infrastructure,West,25,73.5,6923388,4804077.0,1.06,0.975,73.9,18.3,3,2.8,6,1529,1656.0,-5.63,0,0,-5.7551833767583345,0.0510928749046105,0.27867411302075484
PRJ-001,Infrastructure,West,26,76.5,6923388,4866834.0,1.088,1.014,73.9,18.3,3,2.8,6,1079,1083.0,-8.08,0,0,-8.229235513899734,0.036108758486989925,0.27867411302075484
PRJ-001,Infrastructure,West,27,79.4,6923388,5174688.0,1.062,1.025,77.4,18.3,3,2.8,6,943,897.0,-5.88,0,0,-5.76212622953054,0.048319434479563855,0.2783566527032945
PRJ-001,Infrastructure,West,28,82.4,6923388,5237205.0,1.089,1.038,82.2,18.3,3,2.8,6,1202,1211.0,-8.15,0,0,-8.229235513899734,0.038472678783737474,0.2779399860366278
PRJ-001,Infrastructure,West,29,85.3,6923388,5483091.0,1.077,0.964,86.6,18.3,3,2.8,6,1288,1278.0,-7.15,0,0,-7.132786998652314,0.048547401362254314,0.2788842231842232
PRJ-001,Infrastructure,West,30,88.2,6923388,5537551.0,1.103,0.96,89.6,18.3,3,2.8,6,950,1079.0,-9.35,0,0,-9.303123788061674,0.038333930326356284,0.2622175565175565
PRJ-001,Infrastructure,West,31,91.2,6923388,5919380.0,1.066,0.963,92.0,18.3,3,2.8,6,1423,1575.0,-6.23,0,0,-6.063746271088632,0.05643004853853266,0.2656842231842232
PRJ-001,Infrastructure,West,32,94.1,6923388,5773931.0,1.129,0.97,95.2,18.3,3,2.8,6,2475,2675.0,-11.39,0,0,-11.516125506900389,0.03038497864594377,0.28762518896447464
PRJ-001,Infrastructure,West,33,97.1,6923388,6370720.0,1.055,0.96,97.4,18.3,3,2.8,6,2482,2650.0,-5.19,0,0,-5.393851341420139,0.06560665723197885,0.300958522297808
PRJ-001,Infrastructure,West,34,100.0,6923388,6550210.0,1.057,0.984,100.0,18.3,3,2.8,6,1427,1467.0,-5.39,0,0,-5.387113175475057,0.06425224679456376,0.3104398148148148
PRJ-009,Industrial,North,1,4.2,6395725,255420.0,1.043,1.102,-2.1,15.52,8,-8.4,10,953,826.0,-4.15,0,0,-4.414392460773189,0.9034064448115953,0.08455199078540201
PRJ-009,Industrial,North,2,8.3,6395725,492279.0,1.083,1.085,7.2,15.52,8,-8.4,10,1647,1511.0,-7.64,0,0,-8.782597612042105,0.8764023822237423,0.0824035925936464
PRJ-009,Industrial,North,3,12.5,6395725,796854.0,1.003,1.075,10.4,15.52,8,-8.4,10,1632,1640.0,-0.33,0,0,-0.21282658302690846,0.9445818163416101,0.08416082666216507
PRJ-009,Industrial,North,4,16.7,6395725,1033529.0,1.031,1.106,13.5,15.52,8,-8.4,10,1220,1027.0,-3.04,0,0,-2.8053700218439293,0.9259789256491215,0.08927561795322109
PRJ-009,Industrial,North,5,20.8,6395725,1264731.0,1.054,1.117,14.1,15.52,8,-8.4,10,1255,1086.0,-5.08,0,0,-4.943358142756799,0.9037943611919237,0.09070233108504305
PRJ-009,Industrial,North,6,25.0,6395725,1514657.0,1.056,1.067,18.7,15.52,8,-8.4,10,2476,2320.0,-5.27,0,0,-5.3938267564921825,0.9092142282740967,0.08788744396910349
PRJ-009,Industrial,North,7,29.2,6395725,1778827.0,1.049,0.99,33.7,15.52,8,-8.4,10,1779,1790.0,-4.64,0,0,-4.52364999901305,0.9362146418580833,0.08795154653320605
PRJ-009,Industrial,North,8,33.3,6395725,2116094.0,1.007,1.094,25.8,15.52,8,-8.4,10,1484,1387.0,-0.74,0,0,-1.0032293213789159,0.9453845913203563,0.09062739750394817
PRJ-009,Industrial,North,9,37.5,6395725,2453186.0,0.978,1.105,29.8,15.52,8,-8.4,10,913,849.0,2.28,0,0,2.215516009952358,0.9601896074125479,0.09294126570920981
PRJ-009,Industrial,North,10,41.7,6395725,2556998.0,1.042,1.07,36.4,15.52,8,-8.4,10,1532,1561.0,-4.05,0,0,-3.6587913946280572,0.9316660336041501,0.08973610566547043
PRJ-009,Industrial,North,11,45.8,6395725,2919501.0,1.004,0.992,49.6,15.52,8,-8.4,10,1387,1342.0,-0.41,0,0,-0.48648315982436,0.9641630161854197,0.09289195008924203
PRJ-009,Industrial,North,12,50.0,6395725,3057143.0,1.046,1.067,46.1,15.52,8,-8.4,10,1126,1038.0,-4.4,0,0,-4.406407004896313,0.9352500737422608,0.09252234688351284
PRJ-009,Industrial,North,13,54.2,6395725,3306310.0,1.048,1.057,52.4,15.52,8,-8.4,10,883,772.0,-4.56,0,0,-4.52364999901305,0.9389784038904672,0.0930183005992808
PRJ-009,Industrial,North,14,58.3,6395725,3687488.0,1.012,0.993,59.4,15.52,8,-8.4,10,1970,1942.0,-1.16,0,0,-1.1028045125842072,0.9630708360631871,0.09917300871470572
PRJ-009,Industrial,North,15,62.5,6395725,3949451.0,1.012,0.982,66.2,15.52,8,-8.4,10,1070,1084.0,-1.2,0,0,-1.1028045125842072,0.9663057987079892,0.1095343830631821
PRJ-009,Industrial,North,16,66.7,6395725,4107867.0,1.038,0.997,69.2,15.52,8,-8.4,10,1827,1670.0,-3.66,0,0,-3.6587913946280572,0.9560410181145919,0.10591634277014182
PRJ-009,Industrial,North,17,70.8,6395725,4467990.0,1.014,0.995,70.9,15.52,8,-8.4,10,1053,1146.0,-1.38,0,0,-1.538966819993411,0.9653006024712175,0.10343654852132517
PRJ-009,Industrial,North,18,75.0,6395725,4462953.0,1.075,0.984,76.1,15.52,8,-8.4,10,2149,2105.0,-6.96,0,0,-7.169533278876594,0.9393636500141902,0.10299374670856855
PRJ-009,Industrial,North,19,79.2,6395725,5228031.0,0.968,0.966,79.4,15.52,8,-8.4,10,1141,1220.0,3.25,0,0,3.286194453367281,0.9804206679226525,0.10828566575306389
PRJ-009,Industrial,North,20,83.3,6395725,5539540.0,0.962,1.01,83.8,15.52,8,-8.4,10,2166,2237.0,3.94,0,0,3.964919271086354,0.981684240004607,0.12082833399212684
PRJ-009,Industrial,North,21,87.5,6395725,5590116.0,1.001,0.966,90.7,15.52,8,-8.4,10,1005,1022.0,-0.11,0,0,-0.2065731730830037,0.9756508612849382,0.12458751405564693
PRJ-009,Industrial,North,22,91.7,6395725,6064701.0,0.967,0.998,90.3,15.52,8,-8.4,10,1109,1208.0,3.44,0,0,3.4082293147962566,0.9815396824746722,0.1333995421592248
PRJ-009,Industrial,North,23,95.8,6395725,6019675.0,1.018,0.973,95.6,15.52,8,-8.4,10,2025,1905.0,-1.79,0,0,-1.8860806448552891,0.9709501225303786,0.16768901956991047
PRJ-009,Industrial,North,24,100.0,6395725,6458759.0,0.99,0.954,100.0,15.52,8,-8.4,10,1584,1535.0,0.99,0,0,1.0351854933301474,0.9794281374775216,0.16493638913025732
PRJ-010,Commercial,East,1,1.8,5622964,93451.0,1.074,1.121,-7.3,2.56,12,7.9,12,2138,1869.0,-6.93,0,1,-6.9057220764951825,0.9971103689113555,0.136916868416864
PRJ-010,Commercial,East,2,3.6,5622964,176225.0,1.14,1.119,2.2,2.56,12,7.9,12,992,982.0,-12.25,0,1,-12.18041691904666,0.9950620221262416,0.14277324190734722
PRJ-010,Commercial,East,3,5.4,5622964,279566.0,1.077,1.056,3.4,2.56,12,7.9,12,1912,1782.0,-7.19,0,1,-7.137681991071165,0.997607965971327,0.141916868416864
PRJ-010,Commercial,East,4,7.1,5622964,375938.0,1.068,1.084,4.3,2.56,12,7.9,12,1682,1518.0,-6.4,0,1,-6.576106961380411,0.9977729891796927,0.1423930588930545
PRJ-010,Commercial,East,5,8.9,5622964,474040.0,1.059,1.106,4.5,2.56,12,7.9,12,2449,2192.0,-5.58,0,1,-5.604620550386701,0.9979068613869791,0.14273785006471087
PRJ-010,Commercial,East,6,10.7,5622964,555540.0,1.084,1.082,4.6,2.56,12,7.9,12,2106,1830.0,-7.79,0,1,-7.759904265940842,0.9972774119803917,0.14388428696322994
PRJ-010,Commercial,East,7,12.5,5622964,637540.0,1.102,1.093,9.9,2.56,12,7.9,12,1892,1713.0,-9.29,0,1,-9.300722765632965,0.9969367650992411,0.14047519605413902
PRJ-010,Commercial,East,8,14.3,5622964,753599.0,1.066,1.042,10.0,2.56,12,7.9,12,2273,2322.0,-6.18,0,1,-6.066909217574513,0.9979622450480686,0.13572639222638785
PRJ-010,Commercial,East,9,16.1,5622964,847164.0,1.067,1.051,12.4,2.56,12,7.9,12,1014,982.0,-6.26,0,1,-6.569300628753329,0.9979799691708394,0.14572639222638784
PRJ-010,Commercial,East,10,17.9,5622964,890757.0,1.127,1.07,13.8,2.56,12,7.9,12,1137,1033.0,-11.29,0,1,-11.223305957535985,0.9961484876710068,0.1644055443128455
PRJ-010,Commercial,East,11,19.6,5622964,1022097.0,1.081,1.072,16.8,2.56,12,7.9,12,1480,1383.0,-7.46,0,1,-7.653925817756141,0.9977243210129646,0.15721762029656328
PRJ-010,Commercial,East,12,21.4,5622964,1087499.0,1.108,1.107,12.4,2.56,12,7.9,12,2027,1737.0,-9.75,0,1,-9.722653508469913,0.9965387105182172,0.15380852938747233
PRJ-010,Commercial,East,13,23.2,5622964,1201636.0,1.086,1.051,24.1,2.56,12,7.9,12,2337,2238.0,-7.94,0,1,-7.81984829678588,0.9978696428172938,0.1605509536298966
PRJ-010,Commercial,East,14,25.0,5622964,1267170.0,1.109,1.029,23.7,2.56,12,7.9,12,2118,2101.0,-9.86,0,1,-9.70823002696254,0.9972565890010153,0.16166567224461523
PRJ-010,Commercial,East,15,26.8,5622964,1398184.0,1.077,1.041,23.9,2.56,12,7.9,12,2306,2430.0,-7.17,0,1,-7.13661962220449,0.9979972672742076,0.1584080964870395
PRJ-010,Commercial,East,16,28.6,5622964,1542474.0,1.042,1.084,26.0,2.56,12,7.9,12,1280,1108.0,-3.99,0,1,-3.6634347380388386,0.9985991725239416,0.16847410808994032
PRJ-010,Commercial,East,17,30.4,5622964,1543309.0,1.106,1.107,21.7,2.56,12,7.9,12,1057,963.0,-9.59,0,1,-9.644064842939704,0.9968793796212441,0.16166567224461523
PRJ-010,Commercial,East,18,32.1,5622964,1683286.0,1.074,1.059,32.5,2.56,12,7.9,12,824,808.0,-6.87,0,1,-6.8971636529276985,0.9982333223564818,0.16063031870926167
PRJ-010,Commercial,East,19,33.9,5622964,1759553.0,1.084,1.031,33.6,2.56,12,7.9,12,1960,1885.0,-7.77,0,1,-7.753617521692234,0.9980841055139132,0.16063031870926167
PRJ-010,Commercial,East,20,35.7,5622964,1830689.0,1.097,1.04,36.0,2.56,12,7.9,12,1417,1339.0,-8.84,0,1,-8.733710593876006,0.9978424025590594,0.16201353866391022
PRJ-010,Commercial,East,21,37.5,5622964,1999294.0,1.055,1.058,34.5,2.56,12,7.9,12,853,896.0,-5.18,0,1,-5.3880213491390965,0.9985297574405386,0.16005674253397928
PRJ-010,Commercial,East,22,39.3,5622964,2005870.0,1.101,1.023,38.6,2.56,12,7.9,12,1178,1169.0,-9.2,0,1,-9.14461374431465,0.9978057244509653,0.16201353866391022
PRJ-010,Commercial,East,23,41.1,5622964,2040600.0,1.132,1.07,35.0,2.56,12,7.9,12,1011,980.0,-11.64,0,1,-11.546850964750071,0.9965362120958488,0.16256916027469417
PRJ-010,Commercial,East,24,42.9,5622964,2197387.0,1.097,0.991,41.4,2.56,12,7.9,12,2137,1957.0,-8.82,0,1,-8.733710593876006,0.9979834957443908,0.16201353866391022
PRJ-010,Commercial,East,25,44.6,5622964,2227857.0,1.127,1.069,38.2,2.56,12,7.9,12,2161,1899.0,-11.25,0,1,-11.203980018788949,0.9967959869261243,0.16586812934685913
PRJ-010,Commercial,East,26,46.4,5622964,2387010.0,1.094,1.03,45.1,2.56,12,7.9,12,1186,1195.0,-8.57,0,1,-8.658948327049337,0.9980491595914206,0.16144211009248166
PRJ-010,Commercial,East,27,48.2,5622964,2418371.0,1.121,1.032,46.9,2.56,12,7.9,12,1490,1571.0,-10.8,0,1,-10.802676837363409,0.9974361709458216,0.16863003410876387
PRJ-010,Commercial,East,28,50.0,5622964,2636101.0,1.067,1.051,48.6,2.56,12,7.9,12,1094,1008.0,-6.24,0,1,-6.57606698392471,0.998552437078291,0.16132306247343403
PRJ-010,Commercial,East,29,51.8,5622964,2761197.0,1.055,0.962,54.3,2.56,12,7.9,12,1367,1471.0,-5.18,0,1,-5.3880213491390965,0.9989190090170008,0.15889007586731257
PRJ-010,Commercial,East,30,53.6,5622964,2827495.0,1.065,1.04,52.2,2.56,12,7.9,12,1541,1551.0,-6.14,0,1,-6.066869240118812,0.998638292562214,0.1579897291401007
PRJ-010,Commercial,East,31,55.4,5622964,3024022.0,1.029,0.933,59.8,2.56,12,7.9,12,891,963.0,-2.85,0,1,-2.7126364649762977,0.9992518579482772,0.17071426719818283
PRJ-010,Commercial,East,32,57.1,5622964,2981499.0,1.078,0.909,62.6,2.56,12,7.9,12,2028,2367.0,-7.21,0,1,-7.132205966681162,0.9988080521136287,0.15514581379618533
PRJ-010,Commercial,East,33,58.9,5622964,3073250.0,1.078,0.928,62.5,2.56,12,7.9,12,1787,1863.0,-7.25,0,1,-7.132205966681162,0.9987631920728752,0.15144211009248168
PRJ-010,Commercial,East,34,60.7,5622964,3147065.0,1.085,0.97,65.7,2.56,12,7.9,12,2208,2163.0,-7.82,0,1,-7.796854637343852,0.9986772137243928,0.15144211009248168
PRJ-010,Commercial,East,35,62.5,5622964,3133090.0,1.122,0.98,65.1,2.56,12,7.9,12,2418,2534.0,-10.85,0,1,-10.854072901627333,0.9979615516105161,0.16196336744209722
PRJ-010,Commercial,East,36,64.3,5622964,3387988.0,1.067,0.955,64.4,2.56,12,7.9,12,1111,1118.0,-6.27,0,1,-6.5706309369904075,0.9988507283019082,0.15465639580676738
PRJ-010,Commercial,East,37,66.1,5622964,3613969.0,1.028,0.979,66.6,2.56,12,7.9,12,952,979.0,-2.72,0,1,-2.7126364649762977,0.9992433847746793,0.16679591702983265
PRJ-010,Commercial,East,38,67.9,5622964,3593756.0,1.062,0.982,69.9,2.56,12,7.9,12,1421,1491.0,-5.81,0,1,-5.761545197559387,0.9989579135997722,0.15465639580676738
PRJ-010,Commercial,East,39,69.6,5622964,3629610.0,1.079,0.894,74.5,2.56,12,7.9,12,1810,1948.0,-7.31,0,1,-7.132205966681162,0.9989182384032458,0.7867754434258151
PRJ-010,Commercial,East,40,71.4,5622964,3782276.0,1.062,0.987,75.0,2.56,12,7.9,12,886,902.0,-5.83,0,1,-5.761545197559387,0.9990150872466571,0.15833322507506006
PRJ-010,Commercial,East,41,73.2,5622964,3807621.0,1.081,0.957,74.6,2.56,12,7.9,12,1525,1716.0,-7.51,0,1,-7.6398284846307964,0.9987921671354622,0.15511893936077434
PRJ-010,Commercial,East,42,75.0,5622964,3960730.0,1.065,0.892,83.6,2.56,12,7.9,12,2195,2390.0,-6.08,0,1,-6.061433193184509,0.9991723635222612,0.801394449564856
PRJ-010,Commercial,East,43,76.8,5622964,4061469.0,1.063,0.934,82.0,2.56,12,7.9,12,1841,2055.0,-5.93,0,1,-6.020498360925162,0.9991179735640158,0.15833322507506006
PRJ-010,Commercial,East,44,78.6,5622964,4065791.0,1.087,0.884,82.4,2.56,12,7.9,12,1215,1267.0,-7.97,0,1,-7.804217939071251,0.998895168263663,0.7984522726941077
PRJ-010,Commercial,East,45,80.4,5622964,4235536.0,1.067,0.947,81.4,2.56,12,7.9,12,1731,1802.0,-6.26,0,1,-6.5706309369904075,0.9990219627415048,0.15833322507506006
PRJ-010,Commercial,East,46,82.1,5622964,4327216.0,1.067,0.92,84.3,2.56,12,7.9,12,2382,2528.0,-6.31,0,1,-6.5706309369904075,0.9990789637019742,0.1580611162315226
PRJ-010,Commercial,East,47,83.9,5622964,4566161.0,1.034,0.909,90.5,2.56,12,7.9,12,1998,2407.0,-3.24,0,1,-3.4016973961286663,0.999418712681591,0.17110496190701524
PRJ-010,Commercial,East,48,85.7,5622964,4418611.0,1.091,0.933,87.4,2.56,12,7.9,12,1801,2086.0,-8.32,0,1,-8.359331713124808,0.998823198498143,0.1591244009981656
PRJ-010,Commercial,East,49,87.5,5622964,4578928.0,1.075,0.878,95.6,2.56,12,7.9,12,1729,1947.0,-6.93,0,1,-6.899706418719274,0.9991742976844078,0.8085666599482388
PRJ-010,Commercial,East,50,89.3,5622964,4678743.0,1.073,0.971,90.5,2.56,12,7.9,12,1655,1764.0,-6.81,0,1,-6.839966154834005,0.9990180029249324,0.1608092749477454
PRJ-010,Commercial,East,51,91.1,5622964,4903898.0,1.044,0.928,96.4,2.56,12,7.9,12,1830,1950.0,-4.24,0,1,-4.407558018858131,0.999366648729609,0.18236066242665802
PRJ-010,Commercial,East,52,92.9,5622964,4789921.0,1.09,0.945,96.5,2.56,12,7.9,12,2210,2435.0,-8.26,0,1,-8.276826285202162,0.9989336524104805,0.16078888217046114
PRJ-010,Commercial,East,53,94.6,5622964,4690318.0,1.135,0.929,96.0,2.56,12,7.9,12,824,922.0,-11.86,0,1,-12.190410284614421,0.9982541250851733,0.18071312459470354
PRJ-010,Commercial,East,54,96.4,5622964,4924559.0,1.101,0.928,99.6,2.56,12,7.9,12,2421,2805.0,-9.18,0,1,-9.15677080051668,0.9988440551743197,0.18031336906336906
PRJ-010,Commercial,East,55,98.2,5622964,5152586.0,1.072,0.928,100.0,2.56,12,7.9,12,1517,1587.0,-6.7,0,1,-6.677443563367494,0.9991411118978887,0.18011856386856384
PRJ-010,Commercial,East,56,100.0,5622964,5051327.0,1.113,0.889,100.0,2.56,12,7.9,12,938,937.0,-10.17,0,1,-10.272888249159255,0.9986889850595538,0.7875987225987225
PRJ-012,Industrial,West,1,2.9,6927095,240072.0,0.824,1.1,-2.5,11.32,3,2.3,5,904,889.0,21.3,1,0,21.41267345759573,0.43707292017470206,0.23617130784269544
PRJ-012,Industrial,West,2,5.7,6927095,487894.0,0.811,1.177,-1.3,11.32,3,2.3,5,1651,1383.0,23.26,1,0,23.10706650125806,0.45372209697758076,0.2761713078426955
PRJ-012,Industrial,West,3,8.6,6927095,729140.0,0.814,1.153,-0.3,11.32,3,2.3,5,2069,1761.0,22.8,1,0,22.897003179349255,0.44785835966617277,0.2761713078426955
PRJ-012,Industrial,West,4,11.4,6927095,962956.0,0.822,1.106,4.4,11.32,3,2.3,5,2256,1826.0,21.64,1,0,21.924513617787586,0.45142980107335656,0.27950464117602886
PRJ-012,Industrial,West,5,14.3,6927095,1201809.0,0.823,1.132,5.6,11.32,3,2.3,5,1966,1733.0,21.45,1,0,21.42896895772424,0.441486283231143,0.27950464117602886
PRJ-012,Industrial,West,6,17.1,6927095,1384234.0,0.858,1.159,5.6,11.32,3,2.3,5,869,810.0,16.57,1,0,16.49717873488624,0.3406677499393332,0.28200464117602886
PRJ-012,Industrial,West,7,20.0,6927095,1679315.0,0.825,1.138,14.8,11.32,3,2.3,5,1329,1251.0,21.21,1,0,21.393095261115736,0.4636970572461557,0.3281713078426955
PRJ-012,Industrial,West,8,22.9,6927095,1781214.0,0.889,1.121,19.6,11.32,3,2.3,5,2003,1582.0,12.5,1,0,12.580392502670682,0.32046612029226584,0.33817130784269545
PRJ-012,Industrial,West,9,25.7,6927095,2153766.0,0.827,1.115,17.7,11.32,3,2.3,5,855,870.0,20.91,1,0,20.55345308205047,0.46189499740158463,0.33483797450936215
PRJ-012,Industrial,West,10,28.6,6927095,2371222.0,0.835,1.086,24.9,11.32,3,2.3,5,2337,2126.0,19.81,1,0,19.53652380507125,0.47344789475530125,0.33483797450936215
PRJ-012,Industrial,West,11,31.4,6927095,2589196.0,0.841,1.172,19.4,11.32,3,2.3,5,2268,2002.0,18.93,1,0,18.98318353791588,0.40671709190895816,0.33483797450936215
PRJ-012,Industrial,West,12,34.3,6927095,2921101.0,0.813,1.062,29.8,11.32,3,2.3,5,1473,1443.0,22.99,1,0,23.055150643804577,0.5452096703153848,0.3345601967315844
PRJ-012,Industrial,West,13,37.1,6927095,3164183.0,0.813,1.162,30.1,11.32,3,2.3,5,1560,1238.0,22.98,1,0,23.05720566261926,0.518442471522072,0.3345601967315844
PRJ-012,Industrial,West,14,40.0,6927095,3606513.0,0.768,1.135,34.1,11.32,3,2.3,5,1477,1333.0,30.16,1,0,29.999014545345066,0.6505624271735786,0.3387921961871445
PRJ-012,Industrial,West,15,42.9,6927095,3588985.0,0.827,1.108,35.1,11.32,3,2.3,5,965,880.0,20.89,1,0,20.560387127847395,0.5009747197827357,0.3355681332395209
PRJ-012,Industrial,West,16,45.7,6927095,4080312.0,0.776,1.016,44.0,11.32,3,2.3,5,2062,2087.0,28.85,1,0,28.78638050646988,0.6824324431864837,0.3431334660284143
PRJ-012,Industrial,West,17,48.6,6927095,4067175.0,0.827,1.066,46.7,11.32,3,2.3,5,1214,1181.0,20.88,1,0,20.560387127847395,0.5500880840373127,0.34223479990618755
PRJ-012,Industrial,West,18,51.4,6927095,4284941.0,0.831,1.092,47.5,11.32,3,2.3,5,825,836.0,20.28,1,0,20.18288908220503,0.5305163469564222,0.34223479990618755
PRJ-012,Industrial,West,19,54.3,6927095,4628148.0,0.813,1.108,50.4,11.32,3,2.3,5,1553,1306.0,23.08,1,0,23.061090473709786,0.5806293525090905,0.34223479990618755
PRJ-012,Industrial,West,20,57.1,6927095,4837505.0,0.818,1.107,51.1,11.32,3,2.3,5,1183,1079.0,22.21,1,0,22.240250671772667,0.5637737971507292,0.34223479990618755
PRJ-012,Industrial,West,21,60.0,6927095,5084262.0,0.817,1.044,59.9,11.32,3,2.3,5,2435,2497.0,22.33,1,0,22.260666458256235,0.6125073679972379,0.33890146657285425
PRJ-012,Industrial,West,22,62.9,6927095,5270203.0,0.826,1.095,57.9,11.32,3,2.3,5,1180,1060.0,21.04,1,0,21.416349734685003,0.5621923099248686,0.34223479990618755
PRJ-012,Industrial,West,23,65.7,6927095,5900621.0,0.771,1.067,61.8,11.32,3,2.3,5,1964,1763.0,29.62,1,0,29.919382331407448,0.7118238106985807,0.34230013269508097
PRJ-012,Industrial,West,24,68.6,6927095,5389684.0,0.881,1.146,59.5,11.32,3,2.3,5,1607,1346.0,13.47,1,0,13.386311357748818,0.3993044486712576,0.34223479990618755
PRJ-012,Industrial,West,25,71.4,6927095,6037398.0,0.82,1.075,67.5,11.32,3,2.3,5,2107,1904.0,22.02,1,0,21.968920437431613,0.6045363228369779,0.34237972744241946
PRJ-012,Industrial,West,26,74.3,6927095,5954019.0,0.864,1.088,69.3,11.32,3,2.3,5,970,861.0,15.71,1,0,15.753774374970611,0.4871445601159951,0.34487972744241946
PRJ-012,Industrial,West,27,77.1,6927095,6841089.0,0.781,1.048,70.2,11.32,3,2.3,5,1948,1794.0,28.02,1,0,27.9636948825891,0.7012627742161979,0.3424450602313128
PRJ-012,Industrial,West,28,80.0,6927095,7215149.0,0.768,1.131,73.8,11.32,3,2.3,5,2020,1951.0,30.2,1,0,29.999014545345066,0.7232791851290101,0.33927839356464623
PRJ-012,Industrial,West,29,82.9,6927095,7263591.0,0.79,1.119,78.8,11.32,3,2.3,5,1462,1297.0,26.55,1,0,26.606539353324536,0.690321121390977,0.3412783935646462
PRJ-012,Industrial,West,30,85.7,6927095,7347404.0,0.808,1.114,79.5,11.32,3,2.3,5,1827,1746.0,23.75,1,0,23.621101351390394,0.6451149070224035,0.33787972744241945
PRJ-012,Industrial,West,31,88.6,6927095,7646877.0,0.802,1.122,79.3,11.32,3,2.3,5,1407,1225.0,24.63,1,0,24.653681000435228,0.650230369956028,0.33787972744241945
PRJ-012,Industrial,West,32,91.4,6927095,7761942.0,0.816,1.065,88.9,11.32,3,2.3,5,1246,1155.0,22.56,1,0,22.274801489203885,0.6621986051468172,0.32801306077575276
PRJ-012,Industrial,West,33,94.3,6927095,7730206.0,0.845,1.051,94.4,11.32,3,2.3,5,1253,1119.0,18.36,1,0,18.350063570478873,0.6107978510206492,0.35381159420289854
PRJ-012,Industrial,West,34,97.1,6927095,8782273.0,0.766,1.065,96.9,11.32,3,2.3,5,1772,1534.0,30.51,1,0,30.99777226113023,0.7855888048502948,0.36381964809384165
PRJ-012,Industrial,West,35,100.0,6927095,8182550.0,0.847,1.1,93.5,11.32,3,2.3,5,2056,1906.0,18.12,1,0,18.004127900191545,0.5769661089936577,0.32997086668292575
PRJ-014,Infrastructure,North,1,1.6,2498547,32015.0,1.239,1.127,-4.8,2.42,8,-6.0,7,1925,1812.0,-19.27,0,0,-19.31959293414229,0.11503025117578108,0.0527708420755991
PRJ-014,Infrastructure,North,2,3.2,2498547,65495.0,1.211,1.095,0.7,2.42,8,-6.0,7,2299,2183.0,-17.43,0,0,-18.5751380654733,0.16426601906507676,0.0527708420755991
PRJ-014,Infrastructure,North,3,4.8,2498547,93686.0,1.27,1.067,0.7,2.42,8,-6.0,7,2023,1937.0,-21.26,0,0,-21.190369371327407,0.09544080590763211,0.05323750874226577
PRJ-014,Infrastructure,North,4,6.3,2498547,123562.0,1.284,1.076,0.8,2.42,8,-6.0,7,1010,943.0,-22.11,0,0,-22.199368333371016,0.08168640120294678,0.05323750874226577
PRJ-014,Infrastructure,North,5,7.9,2498547,167402.0,1.185,1.091,3.2,2.42,8,-6.0,7,2346,2130.0,-15.58,0,0,-17.413121355241444,0.20608121088706965,0.05323750874226577
PRJ-014,Infrastructure,North,6,9.5,2498547,197171.0,1.207,1.073,3.7,2.42,8,-6.0,7,1541,1501.0,-17.14,0,0,-17.413121355241444,0.17143550218500328,0.05323750874226577
PRJ-014,Infrastructure,North,7,11.1,2498547,235708.0,1.178,1.1,6.2,2.42,8,-6.0,7,851,791.0,-15.1,0,0,-16.015514865256378,0.22128897368473124,0.05323750874226577
PRJ-014,Infrastructure,North,8,12.7,2498547,268297.0,1.183,1.126,5.4,2.42,8,-6.0,7,2489,2480.0,-15.44,0,0,-17.413121355241444,0.20333647031051091,0.05323750874226577
PRJ-014,Infrastructure,North,9,14.3,2498547,301088.0,1.185,1.117,8.5,2.42,8,-6.0,7,1399,1301.0,-15.65,0,0,-17.413121355241444,0.20802609475839098,0.05323750874226577
PRJ-014,Infrastructure,North,10,15.9,2498547,333031.0,1.191,1.106,10.8,2.42,8,-6.0,7,2303,2122.0,-16.03,0,0,-17.413121355241444,0.2035145673814666,0.05323750874226577
PRJ-014,Infrastructure,North,11,17.5,2498547,364266.0,1.198,1.125,12.6,2.42,8,-6.0,7,2038,1797.0,-16.5,0,0,-17.41702700414286,0.19195486524114844,0.05323750874226577
PRJ-014,Infrastructure,North,12,19.0,2498547,401148.0,1.186,1.106,10.1,2.42,8,-6.0,7,1720,1636.0,-15.71,0,0,-17.41702700414286,0.20460145340029157,0.05323750874226577
PRJ-014,Infrastructure,North,13,20.6,2498547,429498.0,1.2,1.058,15.3,2.42,8,-6.0,7,1597,1512.0,-16.7,0,0,-17.41702700414286,0.2003688725262845,0.05323750874226577
PRJ-014,Infrastructure,North,14,22.2,2498547,471993.0,1.176,1.07,18.5,2.42,8,-6.0,7,2040,2015.0,-14.99,0,0,-16.028342570778136,0.2508729997309622,0.05323750874226577
PRJ-014,Infrastructure,North,15,23.8,2498547,516521.0,1.152,1.027,21.1,2.42,8,-6.0,7,1043,1118.0,-13.17,0,0,-14.082703615772475,0.3165659531521501,0.05323750874226577
PRJ-014,Infrastructure,North,16,25.4,2498547,539466.0,1.176,0.998,28.7,2.42,8,-6.0,7,1808,1760.0,-14.98,0,0,-16.01391908927076,0.29483251086199364,0.04990417540893244
PRJ-014,Infrastructure,North,17,27.0,2498547,560481.0,1.203,1.026,28.6,2.42,8,-6.0,7,1541,1641.0,-16.87,0,0,-17.411525579255827,0.2311280941132648,0.04990417540893244
PRJ-014,Infrastructure,North,18,28.6,2498547,598370.0,1.193,1.082,25.5,2.42,8,-6.0,7,2339,2054.0,-16.18,0,0,-17.411525579255827,0.2281437153347822,0.04990417540893244
PRJ-014,Infrastructure,North,19,30.2,2498547,638737.0,1.18,1.077,26.4,2.42,8,-6.0,7,1277,1142.0,-15.23,0,0,-16.01391908927076,0.2542669826062511,0.04990417540893244
PRJ-014,Infrastructure,North,20,31.7,2498547,671228.0,1.182,1.047,28.7,2.42,8,-6.0,7,1091,1014.0,-15.38,0,0,-17.411525579255827,0.26036469018457037,0.05323750874226577
PRJ-014,Infrastructure,North,21,33.3,2498547,705722.0,1.18,1.054,32.3,2.42,8,-6.0,7,2481,2370.0,-15.26,0,0,-16.011157140368873,0.2735870741979907,0.05757084207559911
PRJ-014,Infrastructure,North,22,34.9,2498547,705724.0,1.236,1.055,34.9,2.42,8,-6.0,7,2374,2068.0,-19.12,0,0,-19.312963529935917,0.17640836089133197,0.05973750874226578
PRJ-014,Infrastructure,North,23,36.5,2498547,735387.0,1.24,1.057,33.6,2.42,8,-6.0,7,907,821.0,-19.38,0,0,-19.312963529935917,0.164211756395786,0.05757084207559911
PRJ-014,Infrastructure,North,24,38.1,2498547,795021.0,1.197,1.065,32.9,2.42,8,-6.0,7,1052,956.0,-16.47,0,0,-17.408763630353945,0.23032826215962837,0.05757084207559911
PRJ-014,Infrastructure,North,25,39.7,2498547,814637.0,1.217,0.966,42.7,2.42,8,-6.0,7,832,867.0,-17.84,0,0,-18.56850866126693,0.23764741862849126,0.06661785062260767
PRJ-014,Infrastructure,North,26,41.3,2498547,848109.0,1.216,1.025,36.9,2.42,8,-6.0,7,2069,2138.0,-17.75,0,0,-18.55990852278886,0.2087053363886251,0.06307084207559911
PRJ-014,Infrastructure,North,27,42.9,2498547,904813.0,1.183,1.025,45.6,2.42,8,-6.0,7,971,907.0,-15.5,0,0,-17.40930085538624,0.3034049602038202,0.06361785062260766
PRJ-014,Infrastructure,North,28,44.4,2498547,919640.0,1.207,1.017,43.1,2.42,8,-6.0,7,2244,2298.0,-17.18,0,0,-17.400163491875876,0.2415590997620258,0.06361785062260766
PRJ-014,Infrastructure,North,29,46.0,2498547,962079.0,1.195,0.991,45.2,2.42,8,-6.0,7,1921,1860.0,-16.35,0,0,-17.40930085538624,0.2746050731643479,0.06361785062260766
PRJ-014,Infrastructure,North,30,47.6,2498547,982626.0,1.211,1.071,45.0,2.42,8,-6.0,7,1848,1828.0,-17.41,0,0,-18.56904588629922,0.22627973584838104,0.06508429478892667
PRJ-014,Infrastructure,North,31,49.2,2498547,1029691.0,1.194,1.026,49.0,2.42,8,-6.0,7,2235,2136.0,-16.25,0,0,-17.40930085538624,0.2786735829556526,0.06597426557763164
PRJ-014,Infrastructure,North,32,50.8,2498547,1061182.0,1.196,1.023,48.8,2.42,8,-6.0,7,2485,2427.0,-16.38,0,0,-17.42330180743361,0.2707578514627781,0.06597426557763164
PRJ-014,Infrastructure,North,33,52.4,2498547,1084176.0,1.207,1.003,52.5,2.42,8,-6.0,7,2153,2317.0,-17.16,0,0,-17.42330180743361,0.261685999876035,0.06930759891096497
PRJ-014,Infrastructure,North,34,54.0,2498547,1185600.0,1.137,1.041,52.8,2.42,8,-6.0,7,828,769.0,-12.07,0,0,-13.32730944228898,0.41709845776451,0.06930759891096497
PRJ-014,Infrastructure,North,35,55.6,2498547,1170064.0,1.186,1.012,55.5,2.42,8,-6.0,7,1970,1700.0,-15.71,0,0,-17.417865760499307,0.31054427940581514,0.08041871002207608
PRJ-014,Infrastructure,North,36,57.1,2498547,1197762.0,1.192,1.031,55.3,2.42,8,-6.0,7,1396,1257.0,-16.11,0,0,-17.417865760499307,0.28962879811923414,0.08008537668874274
PRJ-014,Infrastructure,North,37,58.7,2498547,1219158.0,1.204,0.999,59.2,2.42,8,-6.0,7,808,809.0,-16.92,0,0,-17.417865760499307,0.28081364646250334,0.08142048307172146
PRJ-014,Infrastructure,North,38,60.3,2498547,1236892.0,1.218,1.011,64.0,2.42,8,-6.0,7,800,815.0,-17.93,0,0,-18.57761079141229,0.26417776793413633,0.07926139216263055
PRJ-014,Infrastructure,North,39,61.9,2498547,1258298.0,1.229,0.954,60.1,2.42,8,-6.0,7,1105,1050.0,-18.65,0,0,-18.57761079141229,0.23396813064179411,0.07933714973838812
PRJ-014,Infrastructure,North,40,63.5,2498547,1323121.0,1.199,1.001,63.5,2.42,8,-6.0,7,1736,1641.0,-16.59,0,0,-17.417865760499307,0.29787222776487077,0.08299994043606256
PRJ-014,Infrastructure,North,41,65.1,2498547,1316923.0,1.235,1.029,63.1,2.42,8,-6.0,7,2138,2024.0,-19.01,0,0,-19.32206566008128,0.2160226883919394,0.08765806009418221
PRJ-014,Infrastructure,North,42,66.7,2498547,1426115.0,1.168,1.052,58.8,2.42,8,-6.0,7,1267,1184.0,-14.38,0,0,-14.70220045502261,0.333070209530978,0.08920806009418221
PRJ-014,Infrastructure,North,43,68.3,2498547,1432228.0,1.191,0.998,68.5,2.42,8,-6.0,7,2255,2315.0,-16.02,0,0,-17.417865760499307,0.3263158474323281,0.09580452474064687
PRJ-014,Infrastructure,North,44,69.8,2498547,1453776.0,1.2,0.963,69.2,2.42,8,-6.0,7,1612,1715.0,-16.69,0,0,-17.417865760499307,0.3112834852128976,0.09969341362953575
PRJ-014,Infrastructure,North,45,71.4,2498547,1456394.0,1.225,0.99,71.6,2.42,8,-6.0,7,2262,2245.0,-18.39,0,0,-18.57761079141229,0.25848446853939167,0.10643582173933291
PRJ-014,Infrastructure,North,46,73.0,2498547,1500436.0,1.216,0.978,73.1,2.42,8,-6.0,7,1032,1086.0,-17.75,0,0,-18.57761079141229,0.2816580159915923,0.10219971062822181
PRJ-014,Infrastructure,North,47,74.6,2498547,1501272.0,1.242,1.008,73.8,2.42,8,-6.0,7,2098,2085.0,-19.46,0,0,-19.32206566008128,0.22411996925645333,0.10219971062822181
PRJ-014,Infrastructure,North,48,76.2,2498547,1538795.0,1.237,0.957,81.8,2.42,8,-6.0,7,1714,1641.0,-19.17,0,0,-19.32206566008128,0.26710821133878815,0.09824684867535985
PRJ-014,Infrastructure,North,49,77.8,2498547,1650340.0,1.178,0.982,79.3,2.42,8,-6.0,7,1991,2105.0,-15.08,0,0,-16.020259270514238,0.3853379098292935,0.1027923032208144
PRJ-014,Infrastructure,North,50,79.4,2498547,1748848.0,1.134,1.012,79.1,2.42,8,-6.0,7,1327,1312.0,-11.81,0,0,-12.701265304423659,0.4889323970996708,0.10692193285044402
PRJ-014,Infrastructure,North,51,81.0,2498547,1633155.0,1.238,0.995,82.2,2.42,8,-6.0,7,1593,1731.0,-19.26,0,0,-19.32206566008128,0.2506297464976865,0.10408018200869318
PRJ-014,Infrastructure,North,52,82.5,2498547,1744136.0,1.182,0.938,85.2,2.42,8,-6.0,7,1718,2009.0,-15.43,0,0,-17.417865760499307,0.39899753452640374,0.10773277941129057
PRJ-014,Infrastructure,North,53,84.1,2498547,1723930.0,1.219,0.975,82.9,2.42,8,-6.0,7,1112,1100.0,-17.98,0,0,-18.57761079141229,0.28990051572376646,0.10545221313072432
PRJ-014,Infrastructure,North,54,85.7,2498547,1813283.0,1.181,0.938,87.7,2.42,8,-6.0,7,1958,2157.0,-15.33,0,0,-16.020259270514238,0.40489449969747093,0.1203926893212005
PRJ-014,Infrastructure,North,55,87.3,2498547,1803696.0,1.209,1.009,88.6,2.42,8,-6.0,7,908,851.0,-17.31,0,0,-17.419597806432275,0.3224958809042945,0.11992270908104241
PRJ-014,Infrastructure,North,56,88.9,2498547,1914134.0,1.16,0.952,89.1,2.42,8,-6.0,7,2000,2105.0,-13.81,0,0,-14.70393250095558,0.455024660027359,0.12325604241437577
PRJ-014,Infrastructure,North,57,90.5,2498547,1904204.0,1.187,0.942,97.0,2.42,8,-6.0,7,1736,1714.0,-15.77,0,0,-17.419597806432275,0.4194945892297014,0.16533502516002518
PRJ-014,Infrastructure,North,58,92.1,2498547,1945591.0,1.182,0.929,97.3,2.42,8,-6.0,7,1820,1944.0,-15.42,0,0,-17.419597806432275,0.4323978660151634,0.16450169182669186
PRJ-014,Infrastructure,North,59,93.7,2498547,1921090.0,1.218,0.959,95.5,2.42,8,-6.0,7,2487,2431.0,-17.9,0,0,-18.58285975172218,0.32471238259249957,0.1631683584933585
PRJ-014,Infrastructure,North,60,95.2,2498547,2030421.0,1.172,0.943,99.6,2.42,8,-6.0,7,952,947.0,-14.67,0,0,-16.025508230824126,0.458560330707614,0.17262266994766995
PRJ-014,Infrastructure,North,61,96.8,2498547,1972345.0,1.227,0.956,100.0,2.42,8,-6.0,7,1522,1622.0,-18.47,0,0,-18.5761215857771,0.31601219321557616,0.17498164430664429
PRJ-014,Infrastructure,North,62,98.4,2498547,2133894.0,1.152,0.973,98.1,2.42,8,-6.0,7,1280,1240.0,-13.22,0,0,-14.109871873767284,0.48971304113652553,0.17455571838071837
PRJ-014,Infrastructure,North,63,100.0,2498547,2129644.0,1.173,0.926,100.0,2.42,8,-6.0,7,844,866.0,-14.76,0,0,-16.018770064879043,0.44863568691963124,0.17705571838071835
PRJ-017,Industrial,West,1,2.6,3939187,109238.0,0.925,0.825,15.0,18.2,7,10.1,9,2094,2494.0,8.15,1,1,8.145657904090896,0.9829700261644893,0.8449444409526051
PRJ-017,Industrial,West,2,5.1,3939187,222356.0,0.908,0.862,12.3,18.2,7,10.1,9,1688,2053.0,10.07,1,1,10.104860305794025,0.9841281613391125,0.8426019391897256
PRJ-017,Industrial,West,3,7.7,3939187,324413.0,0.934,0.786,22.2,18.2,7,10.1,9,2349,3094.0,7.06,1,1,7.104096636729061,0.9833114998446555,0.858833432083142
PRJ-017,Industrial,West,4,10.3,3939187,451763.0,0.894,0.844,18.3,18.2,7,10.1,9,2480,3011.0,11.82,1,1,11.790344169518885,0.9872718282958903,0.8543596736407553
PRJ-017,Industrial,West,5,12.8,3939187,536679.0,0.941,0.78,23.8,18.2,7,10.1,9,1737,2192.0,6.27,1,1,6.164953095371018,0.9817100975569787,0.8621082858843117
PRJ-017,Industrial,West,6,15.4,3939187,681101.0,0.89,0.808,25.2,18.2,7,10.1,9,996,1192.0,12.39,1,1,12.618182166752048,0.989033887479741,0.8548048082163245
PRJ-017,Industrial,West,7,17.9,3939187,753380.0,0.938,0.789,24.4,18.2,7,10.1,9,2264,2841.0,6.56,1,1,6.5686275081269105,0.9813752232961042,0.858833432083142
PRJ-017,Industrial,West,8,20.5,3939187,812784.0,0.994,0.728,34.8,18.2,7,10.1,9,2132,3014.0,0.59,0,1,0.3736385830255565,0.973170143893109,0.8592148012824937
PRJ-017,Industrial,West,9,23.1,3939187,972147.0,0.935,0.812,31.0,18.2,7,10.1,9,1673,2222.0,6.94,1,1,7.098336961152747,0.982851797263773,0.8570120035117134
PRJ-017,Industrial,West,10,25.6,3939187,1132164.0,0.892,0.732,38.1,18.2,7,10.1,9,2484,3362.0,12.09,1,1,12.144396486202105,0.9908338699769644,0.8584378789350372
PRJ-017,Industrial,West,11,28.2,3939187,1182776.0,0.939,0.81,35.8,18.2,7,10.1,9,2117,2612.0,6.46,1,1,6.537602381198462,0.9827989048886308,0.8591213692230762
PRJ-017,Industrial,West,12,30.8,3939187,1353860.0,0.895,0.794,40.6,18.2,7,10.1,9,1177,1491.0,11.7,1,1,11.78701322114043,0.9899680496213146,0.8584378789350372
PRJ-017,Industrial,West,13,33.3,3939187,1467682.0,0.895,0.767,44.1,18.2,7,10.1,9,1943,2536.0,11.78,1,1,11.78701322114043,0.9905756804263945,0.8613446624031413
PRJ-017,Industrial,West,14,35.9,3939187,1533548.0,0.922,0.728,50.7,18.2,7,10.1,9,1600,2138.0,8.45,1,1,8.468861240326829,0.989002732144163,0.8701214996578782
PRJ-017,Industrial,West,15,38.5,3939187,1679232.0,0.902,0.743,50.1,18.2,7,10.1,9,909,1204.0,10.84,1,1,10.922626640729144,0.9906246596234725,0.8717507705279028
PRJ-017,Industrial,West,16,41.0,3939187,1723319.0,0.938,0.761,53.8,18.2,7,10.1,9,1590,2084.0,6.64,1,1,6.587611334421579,0.9866953101398793,0.8672643568007354
PRJ-017,Industrial,West,17,43.6,3939187,1940347.0,0.885,0.743,57.8,18.2,7,10.1,9,1728,2462.0,13.0,1,1,13.084596158188589,0.9928598534949109,0.8740655853427177
PRJ-017,Industrial,West,18,46.2,3939187,2121454.0,0.857,0.743,60.8,18.2,7,10.1,9,1201,1543.0,16.69,1,1,16.590053265036524,0.9948468010674171,0.8718124989229644
PRJ-017,Industrial,West,19,48.7,3939187,2218832.0,0.865,0.742,60.0,18.2,7,10.1,9,1705,2313.0,15.62,1,1,15.735883313877787,0.9941562703006818,0.8715655853427177
PRJ-017,Industrial,West,20,51.3,3939187,2175595.0,0.929,0.692,67.0,18.2,7,10.1,9,2424,3606.0,7.7,1,1,7.650334047190952,0.9900813925720232,0.8707387836084954
PRJ-017,Industrial,West,21,53.8,3939187,2488520.0,0.852,0.709,62.7,18.2,7,10.1,9,2102,2887.0,17.32,1,1,17.41614058846336,0.9950328904252956,0.8718124989229644
PRJ-017,Industrial,West,22,56.4,3939187,2533661.0,0.877,0.735,68.0,18.2,7,10.1,9,1816,2551.0,14.02,1,1,13.910432772700691,0.9938559060873239,0.875110167729254
PRJ-017,Industrial,West,23,59.0,3939187,2609664.0,0.89,0.764,75.2,18.2,7,10.1,9,1836,2305.0,12.33,1,1,12.607767340882132,0.9935300143780991,0.8751326333106935
PRJ-017,Industrial,West,24,61.5,3939187,2791454.0,0.868,0.704,76.4,18.2,7,10.1,9,2078,2941.0,15.15,1,1,15.285320316225883,0.995105846546478,0.8737437444218044
PRJ-017,Industrial,West,25,64.1,3939187,2808271.0,0.899,0.707,79.1,18.2,7,10.1,9,1796,2637.0,11.21,1,1,11.168861149929969,0.9933487165342308,0.8751326333106935
PRJ-017,Industrial,West,26,66.7,3939187,2998376.0,0.876,0.717,80.6,18.2,7,10.1,9,1053,1442.0,14.17,1,1,14.153029041049916,0.9947484247584216,0.8762437444218043
PRJ-017,Industrial,West,27,69.2,3939187,2943674.0,0.926,0.732,84.3,18.2,7,10.1,9,2153,2837.0,7.94,1,1,8.129952317435576,0.9913657598985399,0.8696815233602089
PRJ-017,Industrial,West,28,71.8,3939187,3108340.0,0.91,0.745,83.6,18.2,7,10.1,9,1559,2109.0,9.91,1,1,9.976647147371837,0.992322041355895,0.8747565431022463
PRJ-017,Industrial,West,29,74.4,3939187,3295527.0,0.889,0.679,92.5,18.2,7,10.1,9,1509,2106.0,12.51,1,1,12.610205328973413,0.9949520116850863,0.8825503884181505
PRJ-017,Industrial,West,30,76.9,3939187,3468209.0,0.874,0.698,92.3,18.2,7,10.1,9,2044,2764.0,14.46,1,1,14.153029041049916,0.9954906171908152,0.8811124799214184
PRJ-017,Industrial,West,31,79.5,3939187,3613977.0,0.866,0.743,92.0,18.2,7,10.1,9,1260,1679.0,15.42,1,1,15.738321301969068,0.9955536673087033,0.8791911836251223
PRJ-017,Industrial,West,32,82.1,3939187,3743277.0,0.863,0.692,100.0,18.2,7,10.1,9,1135,1608.0,15.81,1,1,15.888309655747822,0.9963584994857974,0.925542039672809
PRJ-017,Industrial,West,33,84.6,3939187,3694201.0,0.902,0.624,100.0,18.2,7,10.1,9,1555,2582.0,10.83,1,1,10.925064628820424,0.9946556185290213,0.9242948741399295
PRJ-017,Industrial,West,34,87.2,3939187,3998095.0,0.859,0.664,100.0,18.2,7,10.1,9,1865,2990.0,16.42,1,1,16.46733825802151,0.9963999471736652,0.9254059852510403
PRJ-017,Industrial,West,35,89.7,3939187,4226271.0,0.836,0.71,100.0,18.2,7,10.1,9,1924,2772.0,19.55,1,1,19.54788900436004,0.9969909069406006,0.9330204476318579
PRJ-017,Industrial,West,36,92.3,3939187,4080210.0,0.891,0.685,100.0,18.2,7,10.1,9,1106,1560.0,12.21,1,1,12.20550514532717,0.9945701854896004,0.9258321750499383
PRJ-017,Industrial,West,37,94.9,3939187,4592874.0,0.814,0.705,100.0,18.2,7,10.1,9,2344,3299.0,22.9,1,1,22.90990675728147,0.9974927362275375,0.9358908053294689
PRJ-017,Industrial,West,38,97.4,3939187,4411409.0,0.87,0.717,100.0,18.2,7,10.1,9,1571,2104.0,14.93,1,1,14.985092019763522,0.9952879860068514,0.9266833119010751
PRJ-017,Industrial,West,39,100.0,3939187,4579092.0,0.86,0.655,100.0,18.2,7,10.1,9,2159,3283.0,16.24,1,1,16.45238873161522,0.9958618567003957,0.9226104291247759
PRJ-024,Infrastructure,North,1,2.6,4375251,120572.0,0.93,1.225,-7.4,21.95,8,2.5,4,2269,1812.0,7.48,1,0,7.564404893147051,0.20559412321670767,0.2975175394017499
PRJ-024,Infrastructure,North,2,5.1,4375251,246015.0,0.912,1.142,-7.2,21.95,8,2.5,4,1826,1482.0,9.65,1,0,9.657287577327795,0.24719732310116738,0.3241842060684166
PRJ-024,Infrastructure,North,3,7.7,4375251,362917.0,0.927,1.144,-1.7,21.95,8,2.5,4,976,941.0,7.83,1,0,7.672877368890404,0.2319936013940082,0.32801753940174994
PRJ-024,Infrastructure,North,4,10.3,4375251,499928.0,0.898,1.143,-1.7,21.95,8,2.5,4,1754,1600.0,11.41,1,0,11.40306044870387,0.2859462482840093,0.32468420606841664
PRJ-024,Infrastructure,North,5,12.8,4375251,593519.0,0.945,1.117,5.1,21.95,8,2.5,4,1545,1367.0,5.81,1,0,5.905958897839113,0.2158465564594501,0.3307652871494977
PRJ-024,Infrastructure,North,6,15.4,4375251,772058.0,0.872,1.138,10.9,21.95,8,2.5,4,2410,1847.0,14.7,1,0,14.774290033532145,0.39023146701076095,0.3180175394017499
PRJ-024,Infrastructure,North,7,17.9,4375251,896137.0,0.876,1.097,11.3,21.95,8,2.5,4,1889,1689.0,14.11,1,0,14.124257226518777,0.38372698076191,0.3180175394017499
PRJ-024,Infrastructure,North,8,20.5,4375251,954511.0,0.94,1.128,11.4,21.95,8,2.5,4,1624,1347.0,6.35,1,0,6.522146423205875,0.23021632506418496,0.324098620482831
PRJ-024,Infrastructure,North,9,23.1,4375251,1167291.0,0.865,1.069,17.2,21.95,8,2.5,4,1999,1860.0,15.61,1,0,15.711466891972837,0.43158797554529965,0.36043398342332894
PRJ-024,Infrastructure,North,10,25.6,4375251,1257734.0,0.892,1.13,21.8,21.95,8,2.5,4,1109,924.0,12.11,1,0,12.141317133331516,0.365379941543629,0.3626698923445682
PRJ-024,Infrastructure,North,11,28.2,4375251,1396856.0,0.883,1.135,22.7,21.95,8,2.5,4,848,758.0,13.19,1,0,13.280033671560844,0.3844103745655358,0.3560032256779015
PRJ-024,Infrastructure,North,12,30.8,4375251,1564089.0,0.861,1.129,22.1,21.95,8,2.5,4,932,901.0,16.18,1,0,15.876852484880741,0.43269765669649585,0.36047690988842784
PRJ-024,Infrastructure,North,13,33.3,4375251,1707111.0,0.854,1.142,27.5,21.95,8,2.5,4,1668,1273.0,17.05,1,0,16.93347291253472,0.4675355137196162,0.36047690988842784
PRJ-024,Infrastructure,North,14,35.9,4375251,1781531.0,0.882,1.081,32.6,21.95,8,2.5,4,1846,1603.0,13.43,1,0,13.376711143001865,0.42381794027234565,0.3560032256779015
PRJ-024,Infrastructure,North,15,38.5,4375251,1861629.0,0.904,1.097,33.2,21.95,8,2.5,4,1875,1698.0,10.63,1,0,10.609558630105681,0.36100429890987945,0.3626698923445682
PRJ-024,Infrastructure,North,16,41.0,4375251,2015397.0,0.891,1.067,39.3,21.95,8,2.5,4,1452,1329.0,12.28,1,0,12.20171985029827,0.42141264362744074,0.36199136797039166
PRJ-024,Infrastructure,North,17,43.6,4375251,2214899.0,0.861,1.164,33.3,21.95,8,2.5,4,2463,2073.0,16.14,1,0,15.884847333600637,0.4448624022451684,0.35984889056475633
PRJ-024,Infrastructure,North,18,46.2,4375251,2388689.0,0.845,1.108,39.3,21.95,8,2.5,4,2475,2495.0,18.29,1,0,18.343965197545852,0.5207940411778395,0.35979838551425125
PRJ-024,Infrastructure,North,19,48.7,4375251,2423864.0,0.879,1.034,46.2,21.95,8,2.5,4,1105,1069.0,13.71,1,0,13.762419295150448,0.4722163154446318,0.36723171819853323
PRJ-024,Infrastructure,North,20,51.3,4375251,2627486.0,0.854,1.096,46.4,21.95,8,2.5,4,1636,1374.0,17.1,1,0,16.93941274243993,0.5198364993756684,0.3683720690757262
PRJ-024,Infrastructure,North,21,53.8,4375251,2677188.0,0.88,1.074,46.5,21.95,8,2.5,4,1233,956.0,13.64,1,0,13.762419295150448,0.44918715937389875,0.36723171819853323
PRJ-024,Infrastructure,North,22,56.4,4375251,2899583.0,0.851,1.098,47.3,21.95,8,2.5,4,2168,2108.0,17.48,1,0,17.44379933563207,0.5181188297770979,0.3717054024090595
PRJ-024,Infrastructure,North,23,59.0,4375251,3023837.0,0.853,1.085,56.9,21.95,8,2.5,4,1975,1889.0,17.19,1,0,17.41306123559277,0.5544855201366435,0.3699233511270083
PRJ-024,Infrastructure,North,24,61.5,4375251,3405987.0,0.791,1.042,56.7,21.95,8,2.5,4,873,812.0,26.5,1,0,26.602878968482795,0.7077461036275056,0.3761722827509399
PRJ-024,Infrastructure,North,25,64.1,4375251,3364784.0,0.834,1.022,66.9,21.95,8,2.5,4,2270,2097.0,19.97,1,0,20.124198917302238,0.6482748437103909,0.37469132667646815
PRJ-024,Infrastructure,North,26,66.7,4375251,3372294.0,0.865,1.034,65.3,21.95,8,2.5,4,1926,1961.0,15.61,1,0,15.732803961007198,0.5529925830275997,0.3702153548842425
PRJ-024,Infrastructure,North,27,69.2,4375251,3448381.0,0.878,1.026,66.6,21.95,8,2.5,4,2203,1845.0,13.84,1,0,13.907353419830102,0.5198081916411574,0.3730231980214974
PRJ-024,Infrastructure,North,28,71.8,4375251,3723343.0,0.844,1.031,66.6,21.95,8,2.5,4,1577,1546.0,18.53,1,0,18.343965197545852,0.6009577078846613,0.3731831567418276
PRJ-024,Infrastructure,North,29,74.4,4375251,3847461.0,0.846,1.055,70.9,21.95,8,2.5,4,2052,1855.0,18.26,1,0,18.343965197545852,0.6042078554963779,0.37526649007516094
PRJ-024,Infrastructure,North,30,76.9,4375251,3964661.0,0.849,1.027,75.8,21.95,8,2.5,4,2099,2092.0,17.8,1,0,17.88494337406597,0.6182004563886065,0.3819331567418276
PRJ-024,Infrastructure,North,31,79.5,4375251,4190343.0,0.83,0.972,81.6,21.95,8,2.5,4,1052,1191.0,20.49,1,0,20.55838454197065,0.6929326118847319,0.3869053789640498
PRJ-024,Infrastructure,North,32,82.1,4375251,4076229.0,0.881,1.009,81.3,21.95,8,2.5,4,2286,2354.0,13.55,1,0,13.385088960998356,0.5513925690294967,0.3785705836424124
PRJ-024,Infrastructure,North,33,84.6,4375251,4392380.0,0.843,1.008,82.0,21.95,8,2.5,4,1673,1559.0,18.64,1,0,18.346403185637133,0.6453384248094549,0.3830442678529387
PRJ-024,Infrastructure,North,34,87.2,4375251,4721396.0,0.808,1.029,85.6,21.95,8,2.5,4,2258,2369.0,23.78,1,0,23.631575997496302,0.7301334229461492,0.3916741518578227
PRJ-024,Infrastructure,North,35,89.7,4375251,4847379.0,0.81,0.938,92.5,21.95,8,2.5,4,2397,2515.0,23.45,1,0,23.619234461708356,0.7605725092793343,0.3816741518578227
PRJ-024,Infrastructure,North,36,92.3,4375251,4813379.0,0.839,0.99,93.0,21.95,8,2.5,4,829,873.0,19.18,1,0,19.459884181150397,0.6868501572962561,0.37637760118627206
PRJ-024,Infrastructure,North,37,94.9,4375251,5066065.0,0.819,0.969,97.6,21.95,8,2.5,4,1704,1792.0,22.05,1,0,22.226844277424085,0.7458524461328885,0.3955094156930865
PRJ-024,Infrastructure,North,38,97.4,4375251,5141513.0,0.829,0.989,98.4,21.95,8,2.5,4,1986,1998.0,20.61,1,0,20.570861773953304,0.7195251984167992,0.3955094156930865
PRJ-024,Infrastructure,North,39,100.0,4375251,5198528.0,0.842,1.007,98.0,21.95,8,2.5,4,1599,1589.0,18.82,1,0,18.346403185637133,0.6798722342315568,0.3916483045819754
